status,email,gender
1,"pardeep556666666ff555555@yopmail.com",""
1,"pardeep556666666ff555555@yopmail.com",""
1,"pardeep556666666ff555555@yopmail.com",""
1,"pardeep5566ff555555@yopmail.com",""
1,"pardeep5566ff555555@yopmail.com",""
1,"pardeep5566ff555555@yopmail.com",""
1,"pravee@yopmail.com",""
1,"pravee@yopmail.com",""
1,"pravee@yopmail.com",""
1,"shiv@yopmail.com","Male"
1,"shiv@yopmail.com","Male"
1,"shiv@yopmail.com","Male"
1,"arvind@yopmail.com","Male"
1,"arvind@yopmail.com","Male"
1,"arvind@yopmail.com","Male"
1,"praveen@yopmail.com","Male"
1,"praveen@yopmail.com","Male"
1,"praveen@yopmail.com","Male"
